# Idle churn series, derived from an idle load capture (not in this repo)
# (reference host, 2026-09-23, 2 s ticks over 120 s, llama-swap up, no requests). 60 rows.
# The capture has aggregate cpu_pct and cpu_top8_pct, not per-core rows.
# cpu0..cpu7 are cpu_top8_pct. cpu8..cpu31 are the remainder
# (32*cpu_pct - 8*cpu_top8_pct)/24, so the mean of the 8 busiest cores is
# cpu_top8_pct and the mean of all 32 cores is cpu_pct. On 17 rows that
# remainder is negative: top-8 exceeds four times the aggregate, and a
# negative idle share is what keeps both means. Composite load is
# max(gpu_pct, top-8 mean). gpu_pct is 0 on every row, so load is the top-8 mean.
t_s,gpu_pct,cpu0,cpu1,cpu2,cpu3,cpu4,cpu5,cpu6,cpu7,cpu8,cpu9,cpu10,cpu11,cpu12,cpu13,cpu14,cpu15,cpu16,cpu17,cpu18,cpu19,cpu20,cpu21,cpu22,cpu23,cpu24,cpu25,cpu26,cpu27,cpu28,cpu29,cpu30,cpu31,coolant_c,cpu_c,gpu_c,mem_pct
2,0,0.3,0.3,0.3,0.3,0.3,0.3,0.3,0.3,0.0333333333333,0.0333333333333,0.0333333333333,0.0333333333333,0.0333333333333,0.0333333333333,0.0333333333333,0.0333333333333,0.0333333333333,0.0333333333333,0.0333333333333,0.0333333333333,0.0333333333333,0.0333333333333,0.0333333333333,0.0333333333333,0.0333333333333,0.0333333333333,0.0333333333333,0.0333333333333,0.0333333333333,0.0333333333333,0.0333333333333,0.0333333333333,37.6,42.0,56,8.7
4,0,0.9,0.9,0.9,0.9,0.9,0.9,0.9,0.9,-0.0333333333333,-0.0333333333333,-0.0333333333333,-0.0333333333333,-0.0333333333333,-0.0333333333333,-0.0333333333333,-0.0333333333333,-0.0333333333333,-0.0333333333333,-0.0333333333333,-0.0333333333333,-0.0333333333333,-0.0333333333333,-0.0333333333333,-0.0333333333333,-0.0333333333333,-0.0333333333333,-0.0333333333333,-0.0333333333333,-0.0333333333333,-0.0333333333333,-0.0333333333333,-0.0333333333333,37.5,41.9,56,8.7
6,0,0.7,0.7,0.7,0.7,0.7,0.7,0.7,0.7,0.0333333333333,0.0333333333333,0.0333333333333,0.0333333333333,0.0333333333333,0.0333333333333,0.0333333333333,0.0333333333333,0.0333333333333,0.0333333333333,0.0333333333333,0.0333333333333,0.0333333333333,0.0333333333333,0.0333333333333,0.0333333333333,0.0333333333333,0.0333333333333,0.0333333333333,0.0333333333333,0.0333333333333,0.0333333333333,0.0333333333333,0.0333333333333,37.4,41.5,56,8.7
8,0,0.7,0.7,0.7,0.7,0.7,0.7,0.7,0.7,0.0333333333333,0.0333333333333,0.0333333333333,0.0333333333333,0.0333333333333,0.0333333333333,0.0333333333333,0.0333333333333,0.0333333333333,0.0333333333333,0.0333333333333,0.0333333333333,0.0333333333333,0.0333333333333,0.0333333333333,0.0333333333333,0.0333333333333,0.0333333333333,0.0333333333333,0.0333333333333,0.0333333333333,0.0333333333333,0.0333333333333,0.0333333333333,37.4,41.1,55,8.7
10,0,1.1,1.1,1.1,1.1,1.1,1.1,1.1,1.1,-0.1,-0.1,-0.1,-0.1,-0.1,-0.1,-0.1,-0.1,-0.1,-0.1,-0.1,-0.1,-0.1,-0.1,-0.1,-0.1,-0.1,-0.1,-0.1,-0.1,-0.1,-0.1,-0.1,-0.1,37.3,40.8,55,8.7
12,0,0.8,0.8,0.8,0.8,0.8,0.8,0.8,0.8,0,0,0,0,0,0,0,0,0,0,0,0,0,0,0,0,0,0,0,0,0,0,0,0,37.3,40.6,55,8.7
14,0,0.7,0.7,0.7,0.7,0.7,0.7,0.7,0.7,0.0333333333333,0.0333333333333,0.0333333333333,0.0333333333333,0.0333333333333,0.0333333333333,0.0333333333333,0.0333333333333,0.0333333333333,0.0333333333333,0.0333333333333,0.0333333333333,0.0333333333333,0.0333333333333,0.0333333333333,0.0333333333333,0.0333333333333,0.0333333333333,0.0333333333333,0.0333333333333,0.0333333333333,0.0333333333333,0.0333333333333,0.0333333333333,37.2,40.4,55,8.7
16,0,0.8,0.8,0.8,0.8,0.8,0.8,0.8,0.8,0,0,0,0,0,0,0,0,0,0,0,0,0,0,0,0,0,0,0,0,0,0,0,0,37.2,40.2,55,8.7
18,0,0.8,0.8,0.8,0.8,0.8,0.8,0.8,0.8,0,0,0,0,0,0,0,0,0,0,0,0,0,0,0,0,0,0,0,0,0,0,0,0,37.1,40.1,55,8.7
20,0,0.7,0.7,0.7,0.7,0.7,0.7,0.7,0.7,0.0333333333333,0.0333333333333,0.0333333333333,0.0333333333333,0.0333333333333,0.0333333333333,0.0333333333333,0.0333333333333,0.0333333333333,0.0333333333333,0.0333333333333,0.0333333333333,0.0333333333333,0.0333333333333,0.0333333333333,0.0333333333333,0.0333333333333,0.0333333333333,0.0333333333333,0.0333333333333,0.0333333333333,0.0333333333333,0.0333333333333,0.0333333333333,37.1,40.1,54,8.7
22,0,0.5,0.5,0.5,0.5,0.5,0.5,0.5,0.5,0.1,0.1,0.1,0.1,0.1,0.1,0.1,0.1,0.1,0.1,0.1,0.1,0.1,0.1,0.1,0.1,0.1,0.1,0.1,0.1,0.1,0.1,0.1,0.1,37.0,40.0,54,8.7
24,0,1.0,1.0,1.0,1.0,1.0,1.0,1.0,1.0,-0.0666666666667,-0.0666666666667,-0.0666666666667,-0.0666666666667,-0.0666666666667,-0.0666666666667,-0.0666666666667,-0.0666666666667,-0.0666666666667,-0.0666666666667,-0.0666666666667,-0.0666666666667,-0.0666666666667,-0.0666666666667,-0.0666666666667,-0.0666666666667,-0.0666666666667,-0.0666666666667,-0.0666666666667,-0.0666666666667,-0.0666666666667,-0.0666666666667,-0.0666666666667,-0.0666666666667,37.0,40.0,54,8.7
26,0,0.9,0.9,0.9,0.9,0.9,0.9,0.9,0.9,-0.0333333333333,-0.0333333333333,-0.0333333333333,-0.0333333333333,-0.0333333333333,-0.0333333333333,-0.0333333333333,-0.0333333333333,-0.0333333333333,-0.0333333333333,-0.0333333333333,-0.0333333333333,-0.0333333333333,-0.0333333333333,-0.0333333333333,-0.0333333333333,-0.0333333333333,-0.0333333333333,-0.0333333333333,-0.0333333333333,-0.0333333333333,-0.0333333333333,-0.0333333333333,-0.0333333333333,37.0,39.9,54,8.7
28,0,0.7,0.7,0.7,0.7,0.7,0.7,0.7,0.7,0.0333333333333,0.0333333333333,0.0333333333333,0.0333333333333,0.0333333333333,0.0333333333333,0.0333333333333,0.0333333333333,0.0333333333333,0.0333333333333,0.0333333333333,0.0333333333333,0.0333333333333,0.0333333333333,0.0333333333333,0.0333333333333,0.0333333333333,0.0333333333333,0.0333333333333,0.0333333333333,0.0333333333333,0.0333333333333,0.0333333333333,0.0333333333333,37.0,39.9,54,8.8
30,0,0.9,0.9,0.9,0.9,0.9,0.9,0.9,0.9,0.1,0.1,0.1,0.1,0.1,0.1,0.1,0.1,0.1,0.1,0.1,0.1,0.1,0.1,0.1,0.1,0.1,0.1,0.1,0.1,0.1,0.1,0.1,0.1,37.0,40.9,54,8.7
32,0,0.8,0.8,0.8,0.8,0.8,0.8,0.8,0.8,0,0,0,0,0,0,0,0,0,0,0,0,0,0,0,0,0,0,0,0,0,0,0,0,36.9,41.0,54,8.7
34,0,0.9,0.9,0.9,0.9,0.9,0.9,0.9,0.9,-0.0333333333333,-0.0333333333333,-0.0333333333333,-0.0333333333333,-0.0333333333333,-0.0333333333333,-0.0333333333333,-0.0333333333333,-0.0333333333333,-0.0333333333333,-0.0333333333333,-0.0333333333333,-0.0333333333333,-0.0333333333333,-0.0333333333333,-0.0333333333333,-0.0333333333333,-0.0333333333333,-0.0333333333333,-0.0333333333333,-0.0333333333333,-0.0333333333333,-0.0333333333333,-0.0333333333333,36.9,40.6,53,8.7
36,0,0.6,0.6,0.6,0.6,0.6,0.6,0.6,0.6,0.0666666666667,0.0666666666667,0.0666666666667,0.0666666666667,0.0666666666667,0.0666666666667,0.0666666666667,0.0666666666667,0.0666666666667,0.0666666666667,0.0666666666667,0.0666666666667,0.0666666666667,0.0666666666667,0.0666666666667,0.0666666666667,0.0666666666667,0.0666666666667,0.0666666666667,0.0666666666667,0.0666666666667,0.0666666666667,0.0666666666667,0.0666666666667,36.9,40.4,53,8.7
38,0,0.8,0.8,0.8,0.8,0.8,0.8,0.8,0.8,0,0,0,0,0,0,0,0,0,0,0,0,0,0,0,0,0,0,0,0,0,0,0,0,36.8,40.2,53,8.7
40,0,0.9,0.9,0.9,0.9,0.9,0.9,0.9,0.9,-0.0333333333333,-0.0333333333333,-0.0333333333333,-0.0333333333333,-0.0333333333333,-0.0333333333333,-0.0333333333333,-0.0333333333333,-0.0333333333333,-0.0333333333333,-0.0333333333333,-0.0333333333333,-0.0333333333333,-0.0333333333333,-0.0333333333333,-0.0333333333333,-0.0333333333333,-0.0333333333333,-0.0333333333333,-0.0333333333333,-0.0333333333333,-0.0333333333333,-0.0333333333333,-0.0333333333333,36.8,40.0,53,8.7
42,0,0.9,0.9,0.9,0.9,0.9,0.9,0.9,0.9,-0.0333333333333,-0.0333333333333,-0.0333333333333,-0.0333333333333,-0.0333333333333,-0.0333333333333,-0.0333333333333,-0.0333333333333,-0.0333333333333,-0.0333333333333,-0.0333333333333,-0.0333333333333,-0.0333333333333,-0.0333333333333,-0.0333333333333,-0.0333333333333,-0.0333333333333,-0.0333333333333,-0.0333333333333,-0.0333333333333,-0.0333333333333,-0.0333333333333,-0.0333333333333,-0.0333333333333,36.7,39.8,53,8.7
44,0,0.7,0.7,0.7,0.7,0.7,0.7,0.7,0.7,0.0333333333333,0.0333333333333,0.0333333333333,0.0333333333333,0.0333333333333,0.0333333333333,0.0333333333333,0.0333333333333,0.0333333333333,0.0333333333333,0.0333333333333,0.0333333333333,0.0333333333333,0.0333333333333,0.0333333333333,0.0333333333333,0.0333333333333,0.0333333333333,0.0333333333333,0.0333333333333,0.0333333333333,0.0333333333333,0.0333333333333,0.0333333333333,36.7,39.6,53,8.7
46,0,0.7,0.7,0.7,0.7,0.7,0.7,0.7,0.7,0.0333333333333,0.0333333333333,0.0333333333333,0.0333333333333,0.0333333333333,0.0333333333333,0.0333333333333,0.0333333333333,0.0333333333333,0.0333333333333,0.0333333333333,0.0333333333333,0.0333333333333,0.0333333333333,0.0333333333333,0.0333333333333,0.0333333333333,0.0333333333333,0.0333333333333,0.0333333333333,0.0333333333333,0.0333333333333,0.0333333333333,0.0333333333333,36.7,39.5,53,8.7
48,0,0.7,0.7,0.7,0.7,0.7,0.7,0.7,0.7,0.0333333333333,0.0333333333333,0.0333333333333,0.0333333333333,0.0333333333333,0.0333333333333,0.0333333333333,0.0333333333333,0.0333333333333,0.0333333333333,0.0333333333333,0.0333333333333,0.0333333333333,0.0333333333333,0.0333333333333,0.0333333333333,0.0333333333333,0.0333333333333,0.0333333333333,0.0333333333333,0.0333333333333,0.0333333333333,0.0333333333333,0.0333333333333,36.6,39.4,53,8.7
50,0,1.0,1.0,1.0,1.0,1.0,1.0,1.0,1.0,-0.0666666666667,-0.0666666666667,-0.0666666666667,-0.0666666666667,-0.0666666666667,-0.0666666666667,-0.0666666666667,-0.0666666666667,-0.0666666666667,-0.0666666666667,-0.0666666666667,-0.0666666666667,-0.0666666666667,-0.0666666666667,-0.0666666666667,-0.0666666666667,-0.0666666666667,-0.0666666666667,-0.0666666666667,-0.0666666666667,-0.0666666666667,-0.0666666666667,-0.0666666666667,-0.0666666666667,36.6,39.2,53,8.7
52,0,0.5,0.5,0.5,0.5,0.5,0.5,0.5,0.5,0.1,0.1,0.1,0.1,0.1,0.1,0.1,0.1,0.1,0.1,0.1,0.1,0.1,0.1,0.1,0.1,0.1,0.1,0.1,0.1,0.1,0.1,0.1,0.1,36.6,39.2,53,8.7
54,0,0.8,0.8,0.8,0.8,0.8,0.8,0.8,0.8,0,0,0,0,0,0,0,0,0,0,0,0,0,0,0,0,0,0,0,0,0,0,0,0,36.5,39.1,53,8.7
56,0,0.8,0.8,0.8,0.8,0.8,0.8,0.8,0.8,0,0,0,0,0,0,0,0,0,0,0,0,0,0,0,0,0,0,0,0,0,0,0,0,36.5,39.4,53,8.7
58,0,0.7,0.7,0.7,0.7,0.7,0.7,0.7,0.7,0.0333333333333,0.0333333333333,0.0333333333333,0.0333333333333,0.0333333333333,0.0333333333333,0.0333333333333,0.0333333333333,0.0333333333333,0.0333333333333,0.0333333333333,0.0333333333333,0.0333333333333,0.0333333333333,0.0333333333333,0.0333333333333,0.0333333333333,0.0333333333333,0.0333333333333,0.0333333333333,0.0333333333333,0.0333333333333,0.0333333333333,0.0333333333333,36.4,39.2,53,8.7
60,0,1.1,1.1,1.1,1.1,1.1,1.1,1.1,1.1,-0.1,-0.1,-0.1,-0.1,-0.1,-0.1,-0.1,-0.1,-0.1,-0.1,-0.1,-0.1,-0.1,-0.1,-0.1,-0.1,-0.1,-0.1,-0.1,-0.1,-0.1,-0.1,-0.1,-0.1,36.4,39.1,53,8.7
62,0,0.6,0.6,0.6,0.6,0.6,0.6,0.6,0.6,0.0666666666667,0.0666666666667,0.0666666666667,0.0666666666667,0.0666666666667,0.0666666666667,0.0666666666667,0.0666666666667,0.0666666666667,0.0666666666667,0.0666666666667,0.0666666666667,0.0666666666667,0.0666666666667,0.0666666666667,0.0666666666667,0.0666666666667,0.0666666666667,0.0666666666667,0.0666666666667,0.0666666666667,0.0666666666667,0.0666666666667,0.0666666666667,36.4,39.1,53,8.7
64,0,1.4,1.4,1.4,1.4,1.4,1.4,1.4,1.4,0.0666666666667,0.0666666666667,0.0666666666667,0.0666666666667,0.0666666666667,0.0666666666667,0.0666666666667,0.0666666666667,0.0666666666667,0.0666666666667,0.0666666666667,0.0666666666667,0.0666666666667,0.0666666666667,0.0666666666667,0.0666666666667,0.0666666666667,0.0666666666667,0.0666666666667,0.0666666666667,0.0666666666667,0.0666666666667,0.0666666666667,0.0666666666667,36.3,39.5,53,8.7
66,0,0.9,0.9,0.9,0.9,0.9,0.9,0.9,0.9,-0.0333333333333,-0.0333333333333,-0.0333333333333,-0.0333333333333,-0.0333333333333,-0.0333333333333,-0.0333333333333,-0.0333333333333,-0.0333333333333,-0.0333333333333,-0.0333333333333,-0.0333333333333,-0.0333333333333,-0.0333333333333,-0.0333333333333,-0.0333333333333,-0.0333333333333,-0.0333333333333,-0.0333333333333,-0.0333333333333,-0.0333333333333,-0.0333333333333,-0.0333333333333,-0.0333333333333,36.3,40.1,53,8.7
68,0,1.0,1.0,1.0,1.0,1.0,1.0,1.0,1.0,-0.0666666666667,-0.0666666666667,-0.0666666666667,-0.0666666666667,-0.0666666666667,-0.0666666666667,-0.0666666666667,-0.0666666666667,-0.0666666666667,-0.0666666666667,-0.0666666666667,-0.0666666666667,-0.0666666666667,-0.0666666666667,-0.0666666666667,-0.0666666666667,-0.0666666666667,-0.0666666666667,-0.0666666666667,-0.0666666666667,-0.0666666666667,-0.0666666666667,-0.0666666666667,-0.0666666666667,36.3,40.1,52,8.7
70,0,0.9,0.9,0.9,0.9,0.9,0.9,0.9,0.9,0.1,0.1,0.1,0.1,0.1,0.1,0.1,0.1,0.1,0.1,0.1,0.1,0.1,0.1,0.1,0.1,0.1,0.1,0.1,0.1,0.1,0.1,0.1,0.1,36.2,40.9,52,8.7
72,0,1.0,1.0,1.0,1.0,1.0,1.0,1.0,1.0,-0.0666666666667,-0.0666666666667,-0.0666666666667,-0.0666666666667,-0.0666666666667,-0.0666666666667,-0.0666666666667,-0.0666666666667,-0.0666666666667,-0.0666666666667,-0.0666666666667,-0.0666666666667,-0.0666666666667,-0.0666666666667,-0.0666666666667,-0.0666666666667,-0.0666666666667,-0.0666666666667,-0.0666666666667,-0.0666666666667,-0.0666666666667,-0.0666666666667,-0.0666666666667,-0.0666666666667,36.2,40.4,52,8.7
74,0,0.7,0.7,0.7,0.7,0.7,0.7,0.7,0.7,0.0333333333333,0.0333333333333,0.0333333333333,0.0333333333333,0.0333333333333,0.0333333333333,0.0333333333333,0.0333333333333,0.0333333333333,0.0333333333333,0.0333333333333,0.0333333333333,0.0333333333333,0.0333333333333,0.0333333333333,0.0333333333333,0.0333333333333,0.0333333333333,0.0333333333333,0.0333333333333,0.0333333333333,0.0333333333333,0.0333333333333,0.0333333333333,36.2,40.0,52,8.7
76,0,0.9,0.9,0.9,0.9,0.9,0.9,0.9,0.9,-0.0333333333333,-0.0333333333333,-0.0333333333333,-0.0333333333333,-0.0333333333333,-0.0333333333333,-0.0333333333333,-0.0333333333333,-0.0333333333333,-0.0333333333333,-0.0333333333333,-0.0333333333333,-0.0333333333333,-0.0333333333333,-0.0333333333333,-0.0333333333333,-0.0333333333333,-0.0333333333333,-0.0333333333333,-0.0333333333333,-0.0333333333333,-0.0333333333333,-0.0333333333333,-0.0333333333333,36.1,40.0,52,8.7
78,0,0.7,0.7,0.7,0.7,0.7,0.7,0.7,0.7,0.0333333333333,0.0333333333333,0.0333333333333,0.0333333333333,0.0333333333333,0.0333333333333,0.0333333333333,0.0333333333333,0.0333333333333,0.0333333333333,0.0333333333333,0.0333333333333,0.0333333333333,0.0333333333333,0.0333333333333,0.0333333333333,0.0333333333333,0.0333333333333,0.0333333333333,0.0333333333333,0.0333333333333,0.0333333333333,0.0333333333333,0.0333333333333,36.1,39.8,52,8.7
80,0,0.7,0.7,0.7,0.7,0.7,0.7,0.7,0.7,0.0333333333333,0.0333333333333,0.0333333333333,0.0333333333333,0.0333333333333,0.0333333333333,0.0333333333333,0.0333333333333,0.0333333333333,0.0333333333333,0.0333333333333,0.0333333333333,0.0333333333333,0.0333333333333,0.0333333333333,0.0333333333333,0.0333333333333,0.0333333333333,0.0333333333333,0.0333333333333,0.0333333333333,0.0333333333333,0.0333333333333,0.0333333333333,36.1,39.5,52,8.6
82,0,0.7,0.7,0.7,0.7,0.7,0.7,0.7,0.7,0.0333333333333,0.0333333333333,0.0333333333333,0.0333333333333,0.0333333333333,0.0333333333333,0.0333333333333,0.0333333333333,0.0333333333333,0.0333333333333,0.0333333333333,0.0333333333333,0.0333333333333,0.0333333333333,0.0333333333333,0.0333333333333,0.0333333333333,0.0333333333333,0.0333333333333,0.0333333333333,0.0333333333333,0.0333333333333,0.0333333333333,0.0333333333333,36.0,39.2,52,8.6
84,0,1.0,1.0,1.0,1.0,1.0,1.0,1.0,1.0,-0.0666666666667,-0.0666666666667,-0.0666666666667,-0.0666666666667,-0.0666666666667,-0.0666666666667,-0.0666666666667,-0.0666666666667,-0.0666666666667,-0.0666666666667,-0.0666666666667,-0.0666666666667,-0.0666666666667,-0.0666666666667,-0.0666666666667,-0.0666666666667,-0.0666666666667,-0.0666666666667,-0.0666666666667,-0.0666666666667,-0.0666666666667,-0.0666666666667,-0.0666666666667,-0.0666666666667,36.0,39.2,52,8.6
86,0,0.6,0.6,0.6,0.6,0.6,0.6,0.6,0.6,0.0666666666667,0.0666666666667,0.0666666666667,0.0666666666667,0.0666666666667,0.0666666666667,0.0666666666667,0.0666666666667,0.0666666666667,0.0666666666667,0.0666666666667,0.0666666666667,0.0666666666667,0.0666666666667,0.0666666666667,0.0666666666667,0.0666666666667,0.0666666666667,0.0666666666667,0.0666666666667,0.0666666666667,0.0666666666667,0.0666666666667,0.0666666666667,36.0,39.0,52,8.6
88,0,0.9,0.9,0.9,0.9,0.9,0.9,0.9,0.9,-0.0333333333333,-0.0333333333333,-0.0333333333333,-0.0333333333333,-0.0333333333333,-0.0333333333333,-0.0333333333333,-0.0333333333333,-0.0333333333333,-0.0333333333333,-0.0333333333333,-0.0333333333333,-0.0333333333333,-0.0333333333333,-0.0333333333333,-0.0333333333333,-0.0333333333333,-0.0333333333333,-0.0333333333333,-0.0333333333333,-0.0333333333333,-0.0333333333333,-0.0333333333333,-0.0333333333333,35.9,38.9,52,8.6
90,0,0.6,0.6,0.6,0.6,0.6,0.6,0.6,0.6,0.0666666666667,0.0666666666667,0.0666666666667,0.0666666666667,0.0666666666667,0.0666666666667,0.0666666666667,0.0666666666667,0.0666666666667,0.0666666666667,0.0666666666667,0.0666666666667,0.0666666666667,0.0666666666667,0.0666666666667,0.0666666666667,0.0666666666667,0.0666666666667,0.0666666666667,0.0666666666667,0.0666666666667,0.0666666666667,0.0666666666667,0.0666666666667,35.9,38.8,52,8.7
92,0,0.7,0.7,0.7,0.7,0.7,0.7,0.7,0.7,0.0333333333333,0.0333333333333,0.0333333333333,0.0333333333333,0.0333333333333,0.0333333333333,0.0333333333333,0.0333333333333,0.0333333333333,0.0333333333333,0.0333333333333,0.0333333333333,0.0333333333333,0.0333333333333,0.0333333333333,0.0333333333333,0.0333333333333,0.0333333333333,0.0333333333333,0.0333333333333,0.0333333333333,0.0333333333333,0.0333333333333,0.0333333333333,35.9,38.6,52,8.6
94,0,0.7,0.7,0.7,0.7,0.7,0.7,0.7,0.7,0.0333333333333,0.0333333333333,0.0333333333333,0.0333333333333,0.0333333333333,0.0333333333333,0.0333333333333,0.0333333333333,0.0333333333333,0.0333333333333,0.0333333333333,0.0333333333333,0.0333333333333,0.0333333333333,0.0333333333333,0.0333333333333,0.0333333333333,0.0333333333333,0.0333333333333,0.0333333333333,0.0333333333333,0.0333333333333,0.0333333333333,0.0333333333333,35.8,38.6,52,8.6
96,0,1.6,1.6,1.6,1.6,1.6,1.6,1.6,1.6,0,0,0,0,0,0,0,0,0,0,0,0,0,0,0,0,0,0,0,0,0,0,0,0,35.8,39.4,52,8.6
98,0,0.8,0.8,0.8,0.8,0.8,0.8,0.8,0.8,0,0,0,0,0,0,0,0,0,0,0,0,0,0,0,0,0,0,0,0,0,0,0,0,35.8,39.1,52,8.6
100,0,0.7,0.7,0.7,0.7,0.7,0.7,0.7,0.7,0.0333333333333,0.0333333333333,0.0333333333333,0.0333333333333,0.0333333333333,0.0333333333333,0.0333333333333,0.0333333333333,0.0333333333333,0.0333333333333,0.0333333333333,0.0333333333333,0.0333333333333,0.0333333333333,0.0333333333333,0.0333333333333,0.0333333333333,0.0333333333333,0.0333333333333,0.0333333333333,0.0333333333333,0.0333333333333,0.0333333333333,0.0333333333333,35.8,38.9,52,8.6
102,0,0.7,0.7,0.7,0.7,0.7,0.7,0.7,0.7,0.0333333333333,0.0333333333333,0.0333333333333,0.0333333333333,0.0333333333333,0.0333333333333,0.0333333333333,0.0333333333333,0.0333333333333,0.0333333333333,0.0333333333333,0.0333333333333,0.0333333333333,0.0333333333333,0.0333333333333,0.0333333333333,0.0333333333333,0.0333333333333,0.0333333333333,0.0333333333333,0.0333333333333,0.0333333333333,0.0333333333333,0.0333333333333,35.7,38.6,52,8.6
104,0,0.8,0.8,0.8,0.8,0.8,0.8,0.8,0.8,0,0,0,0,0,0,0,0,0,0,0,0,0,0,0,0,0,0,0,0,0,0,0,0,35.7,38.6,52,8.7
106,0,1.2,1.2,1.2,1.2,1.2,1.2,1.2,1.2,0.133333333333,0.133333333333,0.133333333333,0.133333333333,0.133333333333,0.133333333333,0.133333333333,0.133333333333,0.133333333333,0.133333333333,0.133333333333,0.133333333333,0.133333333333,0.133333333333,0.133333333333,0.133333333333,0.133333333333,0.133333333333,0.133333333333,0.133333333333,0.133333333333,0.133333333333,0.133333333333,0.133333333333,35.7,38.9,52,8.7
108,0,0.7,0.7,0.7,0.7,0.7,0.7,0.7,0.7,0.0333333333333,0.0333333333333,0.0333333333333,0.0333333333333,0.0333333333333,0.0333333333333,0.0333333333333,0.0333333333333,0.0333333333333,0.0333333333333,0.0333333333333,0.0333333333333,0.0333333333333,0.0333333333333,0.0333333333333,0.0333333333333,0.0333333333333,0.0333333333333,0.0333333333333,0.0333333333333,0.0333333333333,0.0333333333333,0.0333333333333,0.0333333333333,35.6,38.8,52,8.7
110,0,0.6,0.6,0.6,0.6,0.6,0.6,0.6,0.6,0.0666666666667,0.0666666666667,0.0666666666667,0.0666666666667,0.0666666666667,0.0666666666667,0.0666666666667,0.0666666666667,0.0666666666667,0.0666666666667,0.0666666666667,0.0666666666667,0.0666666666667,0.0666666666667,0.0666666666667,0.0666666666667,0.0666666666667,0.0666666666667,0.0666666666667,0.0666666666667,0.0666666666667,0.0666666666667,0.0666666666667,0.0666666666667,35.6,38.6,52,8.6
112,0,1.0,1.0,1.0,1.0,1.0,1.0,1.0,1.0,-0.0666666666667,-0.0666666666667,-0.0666666666667,-0.0666666666667,-0.0666666666667,-0.0666666666667,-0.0666666666667,-0.0666666666667,-0.0666666666667,-0.0666666666667,-0.0666666666667,-0.0666666666667,-0.0666666666667,-0.0666666666667,-0.0666666666667,-0.0666666666667,-0.0666666666667,-0.0666666666667,-0.0666666666667,-0.0666666666667,-0.0666666666667,-0.0666666666667,-0.0666666666667,-0.0666666666667,35.6,38.5,52,8.6
114,0,0.8,0.8,0.8,0.8,0.8,0.8,0.8,0.8,0,0,0,0,0,0,0,0,0,0,0,0,0,0,0,0,0,0,0,0,0,0,0,0,35.6,38.5,52,8.6
116,0,0.7,0.7,0.7,0.7,0.7,0.7,0.7,0.7,0.0333333333333,0.0333333333333,0.0333333333333,0.0333333333333,0.0333333333333,0.0333333333333,0.0333333333333,0.0333333333333,0.0333333333333,0.0333333333333,0.0333333333333,0.0333333333333,0.0333333333333,0.0333333333333,0.0333333333333,0.0333333333333,0.0333333333333,0.0333333333333,0.0333333333333,0.0333333333333,0.0333333333333,0.0333333333333,0.0333333333333,0.0333333333333,35.5,38.5,52,8.6
118,0,1.0,1.0,1.0,1.0,1.0,1.0,1.0,1.0,-0.0666666666667,-0.0666666666667,-0.0666666666667,-0.0666666666667,-0.0666666666667,-0.0666666666667,-0.0666666666667,-0.0666666666667,-0.0666666666667,-0.0666666666667,-0.0666666666667,-0.0666666666667,-0.0666666666667,-0.0666666666667,-0.0666666666667,-0.0666666666667,-0.0666666666667,-0.0666666666667,-0.0666666666667,-0.0666666666667,-0.0666666666667,-0.0666666666667,-0.0666666666667,-0.0666666666667,35.5,38.4,52,8.6
120,0,0.7,0.7,0.7,0.7,0.7,0.7,0.7,0.7,0.0333333333333,0.0333333333333,0.0333333333333,0.0333333333333,0.0333333333333,0.0333333333333,0.0333333333333,0.0333333333333,0.0333333333333,0.0333333333333,0.0333333333333,0.0333333333333,0.0333333333333,0.0333333333333,0.0333333333333,0.0333333333333,0.0333333333333,0.0333333333333,0.0333333333333,0.0333333333333,0.0333333333333,0.0333333333333,0.0333333333333,0.0333333333333,35.5,38.4,52,8.6
